{
  "id": "0C52BF82",
  "hls": [
    {
      "h": 5,
      "p": 4,
      "gw": 32,
      "ha": 282.08,
      "hl": 1,
      "pl": [
        {
          "n": "r",
          "pt": [
            -121.970741,
            36.581194
          ],
          "alt": 7.885501
        }
      ],
      "gPts": [
        [
          [
            -121.969232,
            36.581353
          ],
          [
            -121.969194,
            36.581349
          ]
        ]
      ],
      "tPts": [
        [
          [
            -121.973705,
            36.580576
          ],
          [
            -121.973638,
            36.580558
          ]
        ],
        [
          [
            -121.973473,
            36.580677
          ],
          [
            -121.973464,
            36.580667
          ]
        ],
        [
          [
            -121.97334,
            36.580711
          ],
          [
            -121.973328,
            36.580697
          ]
        ]
      ],
      "tlbr": {
        "br": [
          -121.96888,
          36.580169
        ],
        "sz": [
          2048,
          825
        ],
        "tl": [
          -121.974105,
          36.581845
        ],
        "n_sz": [
          678,
          2076
        ],
        "adjPt": [
          619,
          -614
        ]
      }
    }
  ],
  "isC": false,
  "ver": "1.5",
  "TeeBox": [
    {
      "nm": "Blue",
      "rt": 72.4,
      "sl": 136,
      "wrt": 0,
      "wsl": 0
    },
    {
      "nm": "White",
      "rt": 71.3,
      "sl": 132,
      "wrt": 0,
      "wsl": 0
    },
    {
      "nm": "Red",
      "rt": 74.1,
      "sl": 139,
      "wrt": 0,
      "wsl": 0
    }
  ]
}